{
	"area": {
		"areaid": "1",
		"venueid": "41468909",
		"fnames": "12看台",
		"s": [{
			"v": "0,0,2,2,1,1,1,1.00,0,0,0,"
		},
		{
			"v": "1,0,2,2,2,1,2,1.00,0,0,0,"
		},
		{
			"v": "2,0,2,2,3,1,3,1.00,0,0,0,"
		},
		{
			"v": "3,0,2,2,4,1,4,1.00,0,0,0,"
		},
		{
			"v": "4,0,0,2,5,1,5,1.00,0,0,0,"
		},
		{
			"v": "5,0,0,2,6,1,6,1.00,0,0,0,"
		},
		{
			"v": "6,0,0,2,7,1,7,1.00,0,0,0,"
		},
		{
			"v": "7,0,0,2,8,1,8,1.00,0,0,0,"
		},
		{
			"v": "8,0,0,2,9,1,9,1.00,0,0,0,"
		},
		{
			"v": "9,0,0,2,10,1,10,1.00,0,0,0,"
		},
		{
			"v": "10,0,0,2,11,1,11,1.00,0,0,0,"
		},
		{
			"v": "11,0,4,2,12,1,12,1.00,0,0,0,"
		},
		{
			"v": "12,0,4,2,13,1,13,1.00,0,0,0,"
		},
		{
			"v": "13,0,4,2,14,1,14,1.00,0,0,0,"
		},
		{
			"v": "14,0,4,2,15,1,15,1.00,0,0,0,"
		},
		{
			"v": "15,0,4,2,16,1,16,1.00,0,0,0,"
		},
		{
			"v": "16,0,0,3,1,2,1,1.00,0,0,0,"
		},
		{
			"v": "17,0,0,3,2,2,2,1.00,0,0,0,"
		},
		{
			"v": "18,0,0,3,3,2,3,1.00,0,0,0,"
		},
		{
			"v": "19,0,0,3,4,2,4,1.00,0,0,0,"
		},
		{
			"v": "20,0,0,3,5,2,5,1.00,0,0,0,"
		},
		{
			"v": "21,0,0,3,6,2,6,1.00,0,0,0,"
		},
		{
			"v": "22,0,0,3,7,2,7,1.00,0,0,0,"
		},
		{
			"v": "23,0,0,3,8,2,8,1.00,0,0,0,"
		},
		{
			"v": "24,0,0,3,9,2,9,1.00,0,0,0,"
		},
		{
			"v": "25,0,0,3,10,2,10,1.00,0,0,0,"
		},
		{
			"v": "26,0,0,3,11,2,11,1.00,0,0,0,"
		},
		{
			"v": "27,0,0,3,12,2,12,1.00,0,0,0,"
		},
		{
			"v": "28,0,0,3,13,2,13,1.00,0,0,0,"
		},
		{
			"v": "29,0,0,3,14,2,14,1.00,0,0,0,"
		},
		{
			"v": "30,0,0,3,15,2,15,1.00,0,0,0,"
		},
		{
			"v": "31,0,0,3,16,2,16,1.00,0,0,0,"
		},
		{
			"v": "32,0,0,4,1,3,1,1.00,0,0,0,"
		},
		{
			"v": "33,0,0,4,2,3,2,1.00,0,0,0,"
		},
		{
			"v": "34,0,0,4,3,3,3,1.00,0,0,0,"
		},
		{
			"v": "35,0,0,4,4,3,4,1.00,0,0,0,"
		},
		{
			"v": "36,0,0,4,5,3,5,1.00,0,0,0,"
		},
		{
			"v": "37,0,0,4,6,3,6,1.00,0,0,0,"
		},
		{
			"v": "38,0,0,4,7,3,7,1.00,0,0,0,"
		},
		{
			"v": "39,0,0,4,8,3,8,1.00,0,0,0,"
		},
		{
			"v": "40,0,0,4,9,3,9,1.00,0,0,0,"
		},
		{
			"v": "41,0,0,4,10,3,10,1.00,0,0,0,"
		},
		{
			"v": "42,0,0,4,11,3,11,1.00,0,0,0,"
		},
		{
			"v": "43,0,0,4,12,3,12,1.00,0,0,0,"
		},
		{
			"v": "44,0,0,4,13,3,13,1.00,0,0,0,"
		},
		{
			"v": "45,0,0,4,14,3,14,1.00,0,0,0,"
		},
		{
			"v": "46,0,0,4,15,3,15,1.00,0,0,0,"
		},
		{
			"v": "47,0,0,5,1,4,1,1.00,0,0,0,"
		},
		{
			"v": "48,0,0,5,2,4,2,1.00,0,0,0,"
		},
		{
			"v": "49,0,0,5,3,4,3,1.00,0,0,0,"
		},
		{
			"v": "50,0,0,5,4,4,4,1.00,0,0,0,"
		},
		{
			"v": "51,0,0,5,5,4,5,1.00,0,0,0,"
		},
		{
			"v": "52,0,0,5,6,4,6,1.00,0,0,0,"
		},
		{
			"v": "53,0,0,5,7,4,7,1.00,0,0,0,"
		},
		{
			"v": "54,0,0,5,8,4,8,1.00,0,0,0,"
		},
		{
			"v": "55,0,0,5,9,4,9,1.00,0,0,0,"
		},
		{
			"v": "56,0,0,5,10,4,10,1.00,0,0,0,"
		},
		{
			"v": "57,0,0,5,11,4,11,1.00,0,0,0,"
		},
		{
			"v": "58,0,0,5,12,4,12,1.00,0,0,0,"
		},
		{
			"v": "59,0,0,5,13,4,13,1.00,0,0,0,"
		},
		{
			"v": "60,0,0,5,14,4,14,1.00,0,0,0,"
		},
		{
			"v": "61,0,0,6,1,5,1,1.00,0,0,0,"
		},
		{
			"v": "62,0,0,6,2,5,2,1.00,0,0,0,"
		},
		{
			"v": "63,0,0,6,3,5,3,1.00,0,0,0,"
		},
		{
			"v": "64,0,0,6,4,5,4,1.00,0,0,0,"
		},
		{
			"v": "65,0,0,6,5,5,5,1.00,0,0,0,"
		},
		{
			"v": "66,0,0,6,6,5,6,1.00,0,0,0,"
		},
		{
			"v": "67,0,0,6,7,5,7,1.00,0,0,0,"
		},
		{
			"v": "68,0,0,6,8,5,8,1.00,0,0,0,"
		},
		{
			"v": "69,0,0,6,9,5,9,1.00,0,0,0,"
		},
		{
			"v": "70,0,0,6,10,5,10,1.00,0,0,0,"
		},
		{
			"v": "71,0,0,6,11,5,11,1.00,0,0,0,"
		},
		{
			"v": "72,0,0,6,12,5,12,1.00,0,0,0,"
		},
		{
			"v": "73,0,0,6,13,5,13,1.00,0,0,0,"
		},
		{
			"v": "74,0,0,6,14,5,14,1.00,0,0,0,"
		},
		{
			"v": "75,0,0,6,15,5,15,1.00,0,0,0,"
		},
		{
			"v": "76,0,0,8,1,6,1,1.00,0,0,0,"
		},
		{
			"v": "77,0,0,8,2,6,2,1.00,0,0,0,"
		},
		{
			"v": "78,0,0,8,3,6,3,1.00,0,0,0,"
		},
		{
			"v": "79,0,0,8,4,6,4,1.00,0,0,0,"
		},
		{
			"v": "80,0,0,8,5,6,5,1.00,0,0,0,"
		},
		{
			"v": "81,0,0,8,6,6,6,1.00,0,0,0,"
		},
		{
			"v": "82,0,0,8,7,6,7,1.00,0,0,0,"
		},
		{
			"v": "83,0,0,8,8,6,8,1.00,0,0,0,"
		},
		{
			"v": "84,0,0,8,9,6,9,1.00,0,0,0,"
		},
		{
			"v": "85,0,0,8,10,6,10,1.00,0,0,0,"
		},
		{
			"v": "86,0,0,8,11,6,11,1.00,0,0,0,"
		},
		{
			"v": "87,0,0,8,12,6,12,1.00,0,0,0,"
		},
		{
			"v": "88,0,0,8,13,6,13,1.00,0,0,0,"
		},
		{
			"v": "89,0,0,8,14,6,14,1.00,0,0,0,"
		},
		{
			"v": "90,0,2,8,15,6,15,1.00,0,0,0,"
		},
		{
			"v": "91,0,2,9,1,7,1,1.00,0,0,0,"
		},
		{
			"v": "92,0,2,9,2,7,2,1.00,0,0,0,"
		},
		{
			"v": "93,0,2,9,3,7,3,1.00,0,0,0,"
		},
		{
			"v": "94,0,2,9,4,7,4,1.00,0,0,0,"
		},
		{
			"v": "95,0,2,9,5,7,5,1.00,0,0,0,"
		},
		{
			"v": "96,0,2,9,6,7,6,1.00,0,0,0,"
		},
		{
			"v": "97,0,2,9,7,7,7,1.00,0,0,0,"
		},
		{
			"v": "98,0,2,9,8,7,8,1.00,0,0,0,"
		},
		{
			"v": "99,0,2,9,9,7,9,1.00,0,0,0,"
		},
		{
			"v": "100,0,2,9,10,7,10,1.00,0,0,0,"
		},
		{
			"v": "101,0,2,9,11,7,11,1.00,0,0,0,"
		},
		{
			"v": "102,0,2,9,12,7,12,1.00,0,0,0,"
		},
		{
			"v": "103,0,2,9,13,7,13,1.00,0,0,0,"
		},
		{
			"v": "104,0,2,9,14,7,14,1.00,0,0,0,"
		},
		{
			"v": "105,0,2,9,15,7,15,1.00,0,0,0,"
		},
		{
			"v": "106,0,2,10,1,8,1,1.00,0,0,0,"
		},
		{
			"v": "107,0,2,10,2,8,2,1.00,0,0,0,"
		},
		{
			"v": "108,0,2,10,3,8,3,1.00,0,0,0,"
		},
		{
			"v": "109,0,2,10,4,8,4,1.00,0,0,0,"
		},
		{
			"v": "110,0,2,10,5,8,5,1.00,0,0,0,"
		},
		{
			"v": "111,0,2,10,6,8,6,1.00,0,0,0,"
		},
		{
			"v": "112,0,2,10,7,8,7,1.00,0,0,0,"
		},
		{
			"v": "113,0,2,10,8,8,8,1.00,0,0,0,"
		},
		{
			"v": "114,0,2,10,9,8,9,1.00,0,0,0,"
		},
		{
			"v": "115,0,2,10,10,8,10,1.00,0,0,0,"
		},
		{
			"v": "116,0,2,10,11,8,11,1.00,0,0,0,"
		},
		{
			"v": "117,0,2,10,12,8,12,1.00,0,0,0,"
		},
		{
			"v": "118,0,2,10,13,8,13,1.00,0,0,0,"
		},
		{
			"v": "119,0,2,10,14,8,14,1.00,0,0,0,"
		},
		{
			"v": "120,0,2,10,15,8,15,1.00,0,0,0,"
		},
		{
			"v": "121,0,2,11,1,9,1,1.00,0,0,0,"
		},
		{
			"v": "122,0,2,11,2,9,2,1.00,0,0,0,"
		},
		{
			"v": "123,0,2,11,3,9,3,1.00,0,0,0,"
		},
		{
			"v": "124,0,2,11,4,9,4,1.00,0,0,0,"
		},
		{
			"v": "125,0,2,11,5,9,5,1.00,0,0,0,"
		},
		{
			"v": "126,0,2,11,6,9,6,1.00,0,0,0,"
		},
		{
			"v": "127,0,2,11,7,9,7,1.00,0,0,0,"
		},
		{
			"v": "128,0,2,11,8,9,8,1.00,0,0,0,"
		},
		{
			"v": "129,0,2,11,9,9,9,1.00,0,0,0,"
		},
		{
			"v": "130,0,2,11,10,9,10,1.00,0,0,0,"
		},
		{
			"v": "131,0,2,11,11,9,11,1.00,0,0,0,"
		},
		{
			"v": "132,0,2,11,12,9,12,1.00,0,0,0,"
		},
		{
			"v": "133,0,2,11,13,9,13,1.00,0,0,0,"
		},
		{
			"v": "134,0,2,11,14,9,14,1.00,0,0,0,"
		},
		{
			"v": "135,0,2,11,15,9,15,1.00,0,0,0,"
		},
		{
			"v": "136,0,2,11,16,9,16,1.00,0,0,0,"
		},
		{
			"v": "137,0,2,12,1,10,1,1.00,0,0,0,"
		},
		{
			"v": "138,0,2,12,2,10,2,1.00,0,0,0,"
		},
		{
			"v": "139,0,2,12,3,10,3,1.00,0,0,0,"
		},
		{
			"v": "140,0,2,12,4,10,4,1.00,0,0,0,"
		},
		{
			"v": "141,0,2,12,5,10,5,1.00,0,0,0,"
		},
		{
			"v": "142,0,2,12,6,10,6,1.00,0,0,0,"
		},
		{
			"v": "143,0,2,12,7,10,7,1.00,0,0,0,"
		},
		{
			"v": "144,0,2,12,8,10,8,1.00,0,0,0,"
		},
		{
			"v": "145,0,2,12,9,10,9,1.00,0,0,0,"
		},
		{
			"v": "146,0,2,12,10,10,10,1.00,0,0,0,"
		},
		{
			"v": "147,0,2,12,11,10,11,1.00,0,0,0,"
		},
		{
			"v": "148,0,2,12,12,10,12,1.00,0,0,0,"
		},
		{
			"v": "149,0,2,12,13,10,13,1.00,0,0,0,"
		},
		{
			"v": "150,0,2,12,14,10,14,1.00,0,0,0,"
		},
		{
			"v": "151,0,2,12,15,10,15,1.00,0,0,0,"
		},
		{
			"v": "152,0,2,12,16,10,16,1.00,0,0,0,"
		},
		{
			"v": "153,0,2,13,1,11,1,1.00,0,0,0,"
		},
		{
			"v": "154,0,2,13,2,11,2,1.00,0,0,0,"
		},
		{
			"v": "155,0,2,13,3,11,3,1.00,0,0,0,"
		},
		{
			"v": "156,0,2,13,4,11,4,1.00,0,0,0,"
		},
		{
			"v": "157,0,2,13,5,11,5,1.00,0,0,0,"
		},
		{
			"v": "158,0,2,13,6,11,6,1.00,0,0,0,"
		},
		{
			"v": "159,0,2,13,7,11,7,1.00,0,0,0,"
		},
		{
			"v": "160,0,2,13,8,11,8,1.00,0,0,0,"
		},
		{
			"v": "161,0,2,13,9,11,9,1.00,0,0,0,"
		},
		{
			"v": "162,0,2,13,10,11,10,1.00,0,0,0,"
		},
		{
			"v": "163,0,2,13,11,11,11,1.00,0,0,0,"
		},
		{
			"v": "164,0,2,13,12,11,12,1.00,0,0,0,"
		},
		{
			"v": "165,0,2,13,13,11,13,1.00,0,0,0,"
		},
		{
			"v": "166,0,2,13,14,11,14,1.00,0,0,0,"
		},
		{
			"v": "167,0,2,13,15,11,15,1.00,0,0,0,"
		},
		{
			"v": "168,0,2,13,16,11,16,1.00,0,0,0,"
		}]
	}
}