{
	"area": {
		"areaid": "1",
		"venueid": "41468909",
		"fnames": "12看台",
		"s": [{
			"v": "0,0,2,7,44,1,1,780.00,0,0,0,"
		},
		{
			"v": "1,0,2,7,39,1,2,780.00,0,0,0,"
		},
		{
			"v": "2,0,2,8,44,2,1,780.00,0,0,0,"
		},
		{
			"v": "3,0,2,9,44,3,1,780.00,0,0,0,"
		},
		{
			"v": "4,0,0,10,44,4,1,1.00,0,0,0,"
		},
		{
			"v": "5,0,0,12,44,6,1,1.00,0,0,0,"
		},
		{
			"v": "6,0,0,13,44,7,1,1.00,0,0,0,"
		},
		{
			"v": "7,0,0,14,44,8,1,1.00,0,0,0,"
		},
		{
			"v": "8,0,0,15,44,9,1,1.00,0,0,0,"
		},
		{
			"v": "9,0,0,16,44,10,1,1.00,0,0,0,"
		},
		{
			"v": "10,0,0,17,44,11,1,1.00,0,0,0,"
		},
		{
			"v": "11,0,4,18,44,12,1,1.00,0,1,0,"
		},
		{
			"v": "12,0,4,19,44,13,1,1.00,0,1,0,"
		},
		{
			"v": "13,0,4,20,44,14,1,1.00,0,1,0,"
		},
		{
			"v": "14,0,4,21,44,15,1,1.00,0,1,0,"
		},
		{
			"v": "15,0,4,22,44,16,1,1.00,0,1,0,"
		},
		{
			"v": "16,0,0,23,44,17,1,1.00,0,1,0,"
		},
		{
			"v": "17,0,0,24,44,18,1,1.00,0,1,0,"
		},
		{
			"v": "18,0,0,25,44,19,1,1.00,0,0,0,"
		},
		{
			"v": "19,0,0,26,44,20,1,1.00,0,0,0,"
		},
		{
			"v": "20,0,0,27,44,21,1,1.00,0,0,0,"
		},
		{
			"v": "21,0,0,28,44,22,1,1.00,0,0,0,"
		},
		{
			"v": "22,0,0,7,45,1,3,1.00,0,0,0,"
		},
		{
			"v": "23,0,0,8,45,2,3,1.00,0,0,0,"
		},
		{
			"v": "24,0,0,9,45,3,3,1.00,0,0,0,"
		},
		{
			"v": "25,0,0,10,45,4,3,1.00,0,0,0,"
		},
		{
			"v": "26,0,0,12,45,6,3,1.00,0,0,0,"
		},
		{
			"v": "27,0,0,13,45,7,3,1.00,0,0,0,"
		},
		{
			"v": "28,0,0,14,45,8,3,1.00,0,0,0,"
		},
		{
			"v": "29,0,0,15,45,9,3,1.00,0,0,0,"
		},
		{
			"v": "30,0,0,16,45,10,3,1.00,0,0,0,"
		},
		{
			"v": "31,0,0,17,45,11,3,1.00,0,0,0,"
		},
		{
			"v": "32,0,0,18,45,12,3,1.00,0,0,0,"
		},
		{
			"v": "33,0,0,19,45,13,3,1.00,0,0,0,"
		},
		{
			"v": "34,0,0,20,45,14,3,1.00,0,0,0,"
		},
		{
			"v": "35,0,0,21,45,15,3,1.00,0,0,0,"
		},
		{
			"v": "36,0,0,22,45,16,3,1.00,0,0,0,"
		},
		{
			"v": "37,0,0,23,45,17,3,1.00,0,0,0,"
		},
		{
			"v": "38,0,0,24,45,18,3,1.00,0,0,0,"
		},
		{
			"v": "39,0,0,25,45,19,3,1.00,0,0,0,"
		},
		{
			"v": "40,0,0,26,45,20,3,1.00,0,0,0,"
		},
		{
			"v": "41,0,0,27,45,21,3,1.00,0,0,0,"
		},
		{
			"v": "42,0,0,28,45,22,3,1.00,0,0,0,"
		},
		{
			"v": "43,0,0,7,46,1,5,1.00,0,0,0,"
		},
		{
			"v": "44,0,0,8,46,2,5,1.00,0,0,0,"
		},
		{
			"v": "45,0,0,9,46,3,5,1.00,0,0,0,"
		},
		{
			"v": "46,0,0,10,46,4,5,1.00,0,0,0,"
		},
		{
			"v": "47,0,0,11,46,5,5,1.00,0,0,0,"
		},
		{
			"v": "48,0,0,12,46,6,5,1.00,0,0,0,"
		},
		{
			"v": "49,0,0,13,46,7,5,1.00,0,0,0,"
		},
		{
			"v": "50,0,0,14,46,8,5,1.00,0,0,0,"
		},
		{
			"v": "51,0,0,15,46,9,5,1.00,0,0,0,"
		},
		{
			"v": "52,0,0,16,46,10,5,1.00,0,0,0,"
		},
		{
			"v": "53,0,0,17,46,11,5,1.00,0,0,0,"
		},
		{
			"v": "54,0,0,18,46,12,5,1.00,0,0,0,"
		},
		{
			"v": "55,0,0,19,46,13,5,1.00,0,0,0,"
		},
		{
			"v": "56,0,0,20,46,14,5,1.00,0,0,0,"
		},
		{
			"v": "57,0,0,21,46,15,5,1.00,0,0,0,"
		},
		{
			"v": "58,0,0,22,46,16,5,1.00,0,0,0,"
		},
		{
			"v": "59,0,0,23,46,17,5,1.00,0,0,0,"
		},
		{
			"v": "60,0,0,24,46,18,5,1.00,0,0,0,"
		},
		{
			"v": "61,0,0,25,46,19,5,1.00,0,0,0,"
		},
		{
			"v": "62,0,0,26,46,20,5,1.00,0,0,0,"
		},
		{
			"v": "63,0,0,27,46,21,5,1.00,0,0,0,"
		},
		{
			"v": "64,0,0,28,46,22,5,1.00,0,0,0,"
		},
		{
			"v": "65,0,0,29,46,23,5,1.00,0,0,0,"
		},
		{
			"v": "66,0,0,7,47,1,7,1.00,0,0,0,"
		},
		{
			"v": "67,0,0,8,47,2,7,1.00,0,0,0,"
		},
		{
			"v": "68,0,0,9,47,3,7,1.00,0,0,0,"
		},
		{
			"v": "69,0,0,10,47,4,7,1.00,0,0,0,"
		},
		{
			"v": "70,0,0,11,47,5,7,1.00,0,0,0,"
		},
		{
			"v": "71,0,0,12,47,6,7,1.00,0,0,0,"
		},
		{
			"v": "72,0,0,13,47,7,7,1.00,0,0,0,"
		},
		{
			"v": "73,0,0,14,47,8,7,1.00,0,0,0,"
		},
		{
			"v": "74,0,0,15,47,9,7,1.00,0,0,0,"
		},
		{
			"v": "75,0,0,16,47,10,7,1.00,0,0,0,"
		},
		{
			"v": "76,0,0,17,47,11,7,1.00,0,0,0,"
		},
		{
			"v": "77,0,0,18,47,12,7,1.00,0,0,0,"
		},
		{
			"v": "78,0,0,19,47,13,7,1.00,0,0,0,"
		},
		{
			"v": "79,0,0,20,47,14,7,1.00,0,0,0,"
		},
		{
			"v": "80,0,0,21,47,15,7,1.00,0,0,0,"
		},
		{
			"v": "81,0,0,22,47,16,7,1.00,0,0,0,"
		},
		{
			"v": "82,0,0,23,47,17,7,1.00,0,0,0,"
		},
		{
			"v": "83,0,0,24,47,18,7,1.00,0,0,0,"
		},
		{
			"v": "84,0,0,25,47,19,7,1.00,0,0,0,"
		},
		{
			"v": "85,0,0,26,47,20,7,1.00,0,0,0,"
		},
		{
			"v": "86,0,0,27,47,21,7,1.00,0,0,0,"
		},
		{
			"v": "87,0,0,28,47,22,7,1.00,0,0,0,"
		},
		{
			"v": "88,0,0,29,47,23,7,1.00,0,0,0,"
		},
		{
			"v": "89,0,0,7,48,1,9,1.00,0,0,0,"
		},
		{
			"v": "90,0,0,8,48,2,9,1.00,0,0,0,"
		},
		{
			"v": "91,0,0,9,48,3,9,1.00,0,0,0,"
		},
		{
			"v": "92,0,0,10,48,4,9,1.00,0,0,0,"
		},
		{
			"v": "93,0,0,11,48,5,9,1.00,0,0,0,"
		},
		{
			"v": "94,0,0,12,48,6,9,1.00,0,0,0,"
		},
		{
			"v": "95,0,0,13,48,7,9,1.00,0,0,0,"
		},
		{
			"v": "96,0,0,14,48,8,9,1.00,0,0,0,"
		},
		{
			"v": "97,0,0,15,48,9,9,1.00,0,0,0,"
		},
		{
			"v": "98,0,0,16,48,10,9,1.00,0,0,0,"
		},
		{
			"v": "99,0,0,17,48,11,9,1.00,0,0,0,"
		},
		{
			"v": "100,0,0,18,48,12,9,1.00,0,0,0,"
		},
		{
			"v": "101,0,0,19,48,13,9,1.00,0,0,0,"
		},
		{
			"v": "102,0,0,20,48,14,9,1.00,0,0,0,"
		},
		{
			"v": "103,0,0,21,48,15,9,1.00,0,0,0,"
		},
		{
			"v": "104,0,0,22,48,16,9,1.00,0,0,0,"
		},
		{
			"v": "105,0,0,23,48,17,9,1.00,0,0,0,"
		},
		{
			"v": "106,0,0,24,48,18,9,1.00,0,0,0,"
		},
		{
			"v": "107,0,0,25,48,19,9,1.00,0,0,0,"
		},
		{
			"v": "108,0,0,26,48,20,9,1.00,0,0,0,"
		},
		{
			"v": "109,0,0,27,48,21,9,1.00,0,0,0,"
		},
		{
			"v": "110,0,0,28,48,22,9,1.00,0,0,0,"
		},
		{
			"v": "111,0,0,29,48,23,9,1.00,0,0,0,"
		},
		{
			"v": "112,0,0,7,49,1,11,1.00,0,0,0,"
		},
		{
			"v": "113,0,0,8,49,2,11,1.00,0,0,0,"
		},
		{
			"v": "114,0,0,9,49,3,11,1.00,0,0,0,"
		},
		{
			"v": "115,0,0,10,49,4,11,1.00,0,0,0,"
		},
		{
			"v": "116,0,0,11,49,5,11,1.00,0,0,0,"
		},
		{
			"v": "117,0,0,12,49,6,11,1.00,0,0,0,"
		},
		{
			"v": "118,0,0,13,49,7,11,1.00,0,0,0,"
		},
		{
			"v": "119,0,0,14,49,8,11,1.00,0,0,0,"
		},
		{
			"v": "120,0,0,15,49,9,11,1.00,0,0,0,"
		},
		{
			"v": "121,0,0,16,49,10,11,1.00,0,0,0,"
		},
		{
			"v": "122,0,0,17,49,11,11,1.00,0,0,0,"
		},
		{
			"v": "123,0,0,18,49,12,11,1.00,0,0,0,"
		},
		{
			"v": "124,0,0,19,49,13,11,1.00,0,0,0,"
		},
		{
			"v": "125,0,0,20,49,14,11,1.00,0,0,0,"
		},
		{
			"v": "126,0,0,21,49,15,11,1.00,0,0,0,"
		},
		{
			"v": "127,0,0,22,49,16,11,1.00,0,0,0,"
		},
		{
			"v": "128,0,0,23,49,17,11,1.00,0,0,0,"
		},
		{
			"v": "129,0,0,24,49,18,11,1.00,0,0,0,"
		},
		{
			"v": "130,0,0,25,49,19,11,1.00,0,0,0,"
		},
		{
			"v": "131,0,0,26,49,20,11,1.00,0,0,0,"
		},
		{
			"v": "132,0,0,27,49,21,11,1.00,0,0,0,"
		},
		{
			"v": "133,0,0,28,49,22,11,1.00,0,0,0,"
		},
		{
			"v": "134,0,0,29,49,23,11,1.00,0,0,0,"
		},
		{
			"v": "135,0,0,7,50,1,13,1.00,0,0,0,"
		},
		{
			"v": "136,0,0,8,50,2,13,1.00,0,0,0,"
		},
		{
			"v": "137,0,0,9,50,3,13,1.00,0,0,0,"
		},
		{
			"v": "138,0,0,10,50,4,13,1.00,0,0,0,"
		},
		{
			"v": "139,0,0,11,50,5,13,1.00,0,0,0,"
		},
		{
			"v": "140,0,0,12,50,6,13,1.00,0,0,0,"
		},
		{
			"v": "141,0,0,13,50,7,13,1.00,0,0,0,"
		},
		{
			"v": "142,0,0,14,50,8,13,1.00,0,0,0,"
		},
		{
			"v": "143,0,0,15,50,9,13,1.00,0,0,0,"
		},
		{
			"v": "144,0,0,16,50,10,13,1.00,0,0,0,"
		},
		{
			"v": "145,0,0,17,50,11,13,1.00,0,0,0,"
		},
		{
			"v": "146,0,0,18,50,12,13,1.00,0,0,0,"
		},
		{
			"v": "147,0,0,19,50,13,13,1.00,0,0,0,"
		},
		{
			"v": "148,0,0,20,50,14,13,1.00,0,0,0,"
		},
		{
			"v": "149,0,0,21,50,15,13,1.00,0,0,0,"
		},
		{
			"v": "150,0,0,22,50,16,13,1.00,0,0,0,"
		},
		{
			"v": "151,0,0,23,50,17,13,1.00,0,0,0,"
		},
		{
			"v": "152,0,0,24,50,18,13,1.00,0,0,0,"
		},
		{
			"v": "153,0,0,25,50,19,13,1.00,0,0,0,"
		},
		{
			"v": "154,0,0,26,50,20,13,1.00,0,0,0,"
		},
		{
			"v": "155,0,0,27,50,21,13,1.00,0,0,0,"
		},
		{
			"v": "156,0,0,28,50,22,13,1.00,0,0,0,"
		},
		{
			"v": "157,0,0,29,50,23,13,1.00,0,0,0,"
		},
		{
			"v": "158,0,0,7,51,1,15,1.00,0,0,0,"
		},
		{
			"v": "159,0,0,8,51,2,15,1.00,0,0,0,"
		},
		{
			"v": "160,0,0,9,51,3,15,1.00,0,0,0,"
		},
		{
			"v": "161,0,0,10,51,4,15,1.00,0,0,0,"
		},
		{
			"v": "162,0,0,11,51,5,15,1.00,0,0,0,"
		},
		{
			"v": "163,0,0,12,51,6,15,1.00,0,0,0,"
		},
		{
			"v": "164,0,0,13,51,7,15,1.00,0,0,0,"
		},
		{
			"v": "165,0,0,14,51,8,15,1.00,0,0,0,"
		},
		{
			"v": "166,0,0,15,51,9,15,1.00,0,0,0,"
		},
		{
			"v": "167,0,0,16,51,10,15,1.00,0,0,0,"
		},
		{
			"v": "168,0,0,17,51,11,15,1.00,0,0,0,"
		},
		{
			"v": "169,0,0,18,51,12,15,1.00,0,0,0,"
		},
		{
			"v": "170,0,0,19,51,13,15,1.00,0,0,0,"
		},
		{
			"v": "171,0,0,20,51,14,15,1.00,0,0,0,"
		},
		{
			"v": "172,0,0,21,51,15,15,1.00,0,0,0,"
		},
		{
			"v": "173,0,0,22,51,16,15,1.00,0,0,0,"
		},
		{
			"v": "174,0,0,23,51,17,15,1.00,0,0,0,"
		},
		{
			"v": "175,0,0,24,51,18,15,1.00,0,0,0,"
		},
		{
			"v": "176,0,0,25,51,19,15,1.00,0,0,0,"
		},
		{
			"v": "177,0,0,26,51,20,15,1.00,0,0,0,"
		},
		{
			"v": "178,0,0,27,51,21,15,1.00,0,0,0,"
		},
		{
			"v": "179,0,0,28,51,22,15,1.00,0,0,0,"
		},
		{
			"v": "180,0,0,29,51,23,15,1.00,0,0,0,"
		},
		{
			"v": "181,0,0,7,52,1,17,1.00,0,0,0,"
		},
		{
			"v": "182,0,0,8,52,2,17,1.00,0,0,0,"
		},
		{
			"v": "183,0,0,9,52,3,17,1.00,0,0,0,"
		},
		{
			"v": "184,0,0,10,52,4,17,1.00,0,0,0,"
		},
		{
			"v": "185,0,0,11,52,5,17,1.00,0,0,0,"
		},
		{
			"v": "186,0,0,12,52,6,17,1.00,0,0,0,"
		},
		{
			"v": "187,0,0,13,52,7,17,1.00,0,0,0,"
		},
		{
			"v": "188,0,0,14,52,8,17,1.00,0,0,0,"
		},
		{
			"v": "189,0,0,15,52,9,17,1.00,0,0,0,"
		},
		{
			"v": "190,0,0,16,52,10,17,1.00,0,0,0,"
		},
		{
			"v": "191,0,0,17,52,11,17,1.00,0,0,0,"
		},
		{
			"v": "192,0,0,18,52,12,17,1.00,0,0,0,"
		},
		{
			"v": "193,0,0,19,52,13,17,1.00,0,0,0,"
		},
		{
			"v": "194,0,0,20,52,14,17,1.00,0,0,0,"
		},
		{
			"v": "195,0,0,21,52,15,17,1.00,0,0,0,"
		},
		{
			"v": "196,0,0,22,52,16,17,1.00,0,0,0,"
		},
		{
			"v": "197,0,0,23,52,17,17,1.00,0,0,0,"
		},
		{
			"v": "198,0,0,24,52,18,17,1.00,0,0,0,"
		},
		{
			"v": "199,0,0,25,52,19,17,1.00,0,0,0,"
		},
		{
			"v": "200,0,0,26,52,20,17,1.00,0,0,0,"
		},
		{
			"v": "201,0,0,27,52,21,17,1.00,0,0,0,"
		},
		{
			"v": "202,0,0,28,52,22,17,1.00,0,0,0,"
		},
		{
			"v": "203,0,0,29,52,23,17,1.00,0,0,0,"
		},
		{
			"v": "204,0,0,7,53,1,19,1.00,0,0,0,"
		},
		{
			"v": "205,0,0,8,53,2,19,1.00,0,0,0,"
		},
		{
			"v": "206,0,0,9,53,3,19,1.00,0,0,0,"
		},
		{
			"v": "207,0,0,12,53,6,19,1.00,0,0,0,"
		},
		{
			"v": "208,0,0,13,53,7,19,1.00,0,0,0,"
		},
		{
			"v": "209,0,0,14,53,8,19,1.00,0,0,0,"
		},
		{
			"v": "210,0,0,15,53,9,19,1.00,0,0,0,"
		},
		{
			"v": "211,0,0,16,53,10,19,1.00,0,0,0,"
		},
		{
			"v": "212,0,0,17,53,11,19,1.00,0,0,0,"
		},
		{
			"v": "213,0,0,18,53,12,19,1.00,0,0,0,"
		},
		{
			"v": "214,0,0,19,53,13,19,1.00,0,0,0,"
		},
		{
			"v": "215,0,0,20,53,14,19,1.00,0,0,0,"
		},
		{
			"v": "216,0,0,21,53,15,19,1.00,0,0,0,"
		},
		{
			"v": "217,0,0,22,53,16,19,1.00,0,0,0,"
		},
		{
			"v": "218,0,0,23,53,17,19,1.00,0,0,0,"
		},
		{
			"v": "219,0,0,24,53,18,19,1.00,0,0,0,"
		},
		{
			"v": "220,0,0,25,53,19,19,1.00,0,0,0,"
		},
		{
			"v": "221,0,0,26,53,20,19,1.00,0,0,0,"
		},
		{
			"v": "222,0,0,27,53,21,19,1.00,0,0,0,"
		},
		{
			"v": "223,0,0,28,53,22,19,1.00,0,0,0,"
		},
		{
			"v": "224,0,0,29,53,23,19,1.00,0,0,0,"
		},
		{
			"v": "225,0,0,8,54,2,21,1.00,0,0,0,"
		},
		{
			"v": "226,0,0,9,54,3,21,1.00,0,0,0,"
		},
		{
			"v": "227,0,0,14,54,8,21,1.00,0,0,0,"
		},
		{
			"v": "228,0,0,15,54,9,21,1.00,0,0,0,"
		},
		{
			"v": "229,0,0,16,54,10,21,1.00,0,0,0,"
		},
		{
			"v": "230,0,0,17,54,11,21,1.00,0,0,0,"
		},
		{
			"v": "231,0,0,18,54,12,21,1.00,0,0,0,"
		},
		{
			"v": "232,0,0,19,54,13,21,1.00,0,0,0,"
		},
		{
			"v": "233,0,0,20,54,14,21,1.00,0,0,0,"
		},
		{
			"v": "234,0,0,21,54,15,21,1.00,0,0,0,"
		},
		{
			"v": "235,0,0,22,54,16,21,1.00,0,0,0,"
		},
		{
			"v": "236,0,0,23,54,17,21,1.00,0,0,0,"
		},
		{
			"v": "237,0,0,24,54,18,21,1.00,0,0,0,"
		},
		{
			"v": "238,0,0,25,54,19,21,1.00,0,0,0,"
		},
		{
			"v": "239,0,0,26,54,20,21,1.00,0,0,0,"
		},
		{
			"v": "240,0,0,27,54,21,21,1.00,0,0,0,"
		},
		{
			"v": "241,0,0,28,54,22,21,1.00,0,0,0,"
		},
		{
			"v": "242,0,0,29,54,23,21,1.00,0,0,0,"
		},
		{
			"v": "243,0,0,15,55,9,23,1.00,0,0,0,"
		},
		{
			"v": "244,0,0,16,55,10,23,1.00,0,0,0,"
		},
		{
			"v": "245,0,0,17,55,11,23,1.00,0,0,0,"
		},
		{
			"v": "246,0,0,18,55,12,23,1.00,0,0,0,"
		},
		{
			"v": "247,0,0,19,55,13,23,1.00,0,0,0,"
		},
		{
			"v": "248,0,0,20,55,14,23,1.00,0,0,0,"
		},
		{
			"v": "249,0,0,21,55,15,23,1.00,0,0,0,"
		},
		{
			"v": "250,0,0,22,55,16,23,1.00,0,0,0,"
		},
		{
			"v": "251,0,0,23,55,17,23,1.00,0,0,0,"
		},
		{
			"v": "252,0,0,24,55,18,23,1.00,0,0,0,"
		},
		{
			"v": "253,0,0,25,55,19,23,1.00,0,0,0,"
		},
		{
			"v": "254,0,0,26,55,20,23,1.00,0,0,0,"
		},
		{
			"v": "255,0,0,27,55,21,23,1.00,0,0,0,"
		},
		{
			"v": "256,0,0,28,55,22,23,1.00,0,0,0,"
		},
		{
			"v": "257,0,0,29,55,23,23,1.00,0,0,0,"
		},
		{
			"v": "258,0,0,15,56,9,25,1.00,0,0,0,"
		},
		{
			"v": "259,0,0,16,56,10,25,1.00,0,0,0,"
		},
		{
			"v": "260,0,0,17,56,11,25,1.00,0,0,0,"
		},
		{
			"v": "261,0,0,18,56,12,25,1.00,0,0,0,"
		},
		{
			"v": "262,0,0,19,56,13,25,1.00,0,0,0,"
		},
		{
			"v": "263,0,0,20,56,14,25,1.00,0,0,0,"
		},
		{
			"v": "264,0,0,21,56,15,25,1.00,0,0,0,"
		},
		{
			"v": "265,0,0,22,56,16,25,1.00,0,0,0,"
		},
		{
			"v": "266,0,0,23,56,17,25,1.00,0,0,0,"
		},
		{
			"v": "267,0,0,24,56,18,25,1.00,0,0,0,"
		},
		{
			"v": "268,0,0,25,56,19,25,1.00,0,0,0,"
		},
		{
			"v": "269,0,0,26,56,20,25,1.00,0,0,0,"
		},
		{
			"v": "270,0,0,27,56,21,25,1.00,0,0,0,"
		},
		{
			"v": "271,0,0,28,56,22,25,1.00,0,0,0,"
		},
		{
			"v": "272,0,0,29,56,23,25,1.00,0,0,0,"
		},
		{
			"v": "273,0,0,15,57,9,27,1.00,0,0,0,"
		},
		{
			"v": "274,0,0,16,57,10,27,1.00,0,0,0,"
		},
		{
			"v": "275,0,0,17,57,11,27,1.00,0,0,0,"
		},
		{
			"v": "276,0,0,18,57,12,27,1.00,0,0,0,"
		},
		{
			"v": "277,0,0,19,57,13,27,1.00,0,0,0,"
		},
		{
			"v": "278,0,0,20,57,14,27,1.00,0,0,0,"
		},
		{
			"v": "279,0,0,21,57,15,27,1.00,0,0,0,"
		},
		{
			"v": "280,0,0,22,57,16,27,1.00,0,0,0,"
		},
		{
			"v": "281,0,0,23,57,17,27,1.00,0,0,0,"
		},
		{
			"v": "282,0,0,24,57,18,27,1.00,0,0,0,"
		},
		{
			"v": "283,0,0,25,57,19,27,1.00,0,0,0,"
		},
		{
			"v": "284,0,0,26,57,20,27,1.00,0,0,0,"
		},
		{
			"v": "285,0,0,27,57,21,27,1.00,0,0,0,"
		},
		{
			"v": "286,0,0,28,57,22,27,1.00,0,0,0,"
		},
		{
			"v": "287,0,0,29,57,23,27,1.00,0,0,0,"
		},
		{
			"v": "288,0,0,16,58,10,29,1.00,0,0,0,"
		},
		{
			"v": "289,0,0,17,58,11,29,1.00,0,0,0,"
		},
		{
			"v": "290,0,0,18,58,12,29,1.00,0,0,0,"
		},
		{
			"v": "291,0,0,19,58,13,29,1.00,0,0,0,"
		},
		{
			"v": "292,0,0,20,58,14,29,1.00,0,0,0,"
		},
		{
			"v": "293,0,0,21,58,15,29,1.00,0,0,0,"
		},
		{
			"v": "294,0,0,22,58,16,29,1.00,0,0,0,"
		},
		{
			"v": "295,0,0,23,58,17,29,1.00,0,0,0,"
		},
		{
			"v": "296,0,0,24,58,18,29,1.00,0,0,0,"
		},
		{
			"v": "297,0,0,25,58,19,29,1.00,0,0,0,"
		},
		{
			"v": "298,0,0,26,58,20,29,1.00,0,0,0,"
		},
		{
			"v": "299,0,0,27,58,21,29,1.00,0,0,0,"
		},
		{
			"v": "300,0,0,28,58,22,29,1.00,0,0,0,"
		},
		{
			"v": "301,0,0,29,58,23,29,1.00,0,0,0,"
		},
		{
			"v": "302,0,0,19,59,13,31,1.00,0,0,0,"
		},
		{
			"v": "303,0,0,20,59,14,31,1.00,0,0,0,"
		},
		{
			"v": "304,0,0,21,59,15,31,1.00,0,0,0,"
		},
		{
			"v": "305,0,0,22,59,16,31,1.00,0,0,0,"
		},
		{
			"v": "306,0,0,23,59,17,31,1.00,0,0,0,"
		},
		{
			"v": "307,0,0,24,59,18,31,1.00,0,0,0,"
		},
		{
			"v": "308,0,0,25,59,19,31,1.00,0,0,0,"
		},
		{
			"v": "309,0,0,26,59,20,31,1.00,0,0,0,"
		},
		{
			"v": "310,0,0,27,59,21,31,1.00,0,0,0,"
		},
		{
			"v": "311,0,0,28,59,22,31,1.00,0,0,0,"
		},
		{
			"v": "312,0,0,29,59,23,31,1.00,0,0,0,"
		},
		{
			"v": "313,0,0,23,60,17,33,1.00,0,0,0,"
		},
		{
			"v": "314,0,0,24,60,18,33,1.00,0,0,0,"
		},
		{
			"v": "315,0,0,25,60,19,33,1.00,0,0,0,"
		},
		{
			"v": "316,0,0,26,60,20,33,1.00,0,0,0,"
		},
		{
			"v": "317,0,0,27,60,21,33,1.00,0,0,0,"
		},
		{
			"v": "318,0,0,28,60,22,33,1.00,0,0,0,"
		},
		{
			"v": "319,0,0,26,61,20,35,1.00,0,0,0,"
		},
		{
			"v": "320,0,0,27,61,21,35,1.00,0,0,0,"
		},
		{
			"v": "321,0,0,8,39,2,2,1.00,0,0,0,"
		},
		{
			"v": "322,0,0,9,39,3,2,1.00,0,0,0,"
		},
		{
			"v": "323,0,0,10,39,4,2,1.00,0,0,0,"
		},
		{
			"v": "324,0,0,11,39,5,2,1.00,0,0,0,"
		},
		{
			"v": "325,0,0,12,39,6,2,1.00,0,0,0,"
		},
		{
			"v": "326,0,0,13,39,7,2,1.00,0,0,0,"
		},
		{
			"v": "327,0,0,14,39,8,2,1.00,0,0,0,"
		},
		{
			"v": "328,0,0,15,39,9,2,1.00,0,0,0,"
		},
		{
			"v": "329,0,0,16,39,10,2,1.00,0,0,0,"
		},
		{
			"v": "330,0,0,17,39,11,2,1.00,0,0,0,"
		},
		{
			"v": "331,0,0,18,39,12,2,1.00,0,0,0,"
		},
		{
			"v": "332,0,0,19,39,13,2,1.00,0,0,0,"
		},
		{
			"v": "333,0,0,20,39,14,2,1.00,0,0,0,"
		},
		{
			"v": "334,0,0,21,39,15,2,1.00,0,0,0,"
		},
		{
			"v": "335,0,0,22,39,16,2,1.00,0,0,0,"
		},
		{
			"v": "336,-1,0,23,39,17,2,280.00,0,0,0,"
		},
		{
			"v": "337,-1,0,24,39,18,2,280.00,0,0,0,"
		},
		{
			"v": "338,-1,0,25,39,19,2,280.00,0,0,0,"
		},
		{
			"v": "339,-1,0,26,39,20,2,280.00,0,0,0,"
		},
		{
			"v": "340,0,0,27,39,21,2,1.00,0,0,0,"
		},
		{
			"v": "341,0,0,28,39,22,2,1.00,0,0,0,"
		},
		{
			"v": "342,0,0,7,38,1,4,1.00,0,0,0,"
		},
		{
			"v": "343,0,0,8,38,2,4,1.00,0,0,0,"
		},
		{
			"v": "344,0,0,9,38,3,4,1.00,0,0,0,"
		},
		{
			"v": "345,0,0,10,38,4,4,1.00,0,0,0,"
		},
		{
			"v": "346,0,0,11,38,5,4,1.00,0,0,0,"
		},
		{
			"v": "347,0,0,12,38,6,4,1.00,0,0,0,"
		},
		{
			"v": "348,0,0,13,38,7,4,1.00,0,0,0,"
		},
		{
			"v": "349,0,0,14,38,8,4,1.00,0,0,0,"
		},
		{
			"v": "350,0,0,15,38,9,4,1.00,0,0,0,"
		},
		{
			"v": "351,0,0,16,38,10,4,1.00,0,0,0,"
		},
		{
			"v": "352,0,0,17,38,11,4,1.00,0,0,0,"
		},
		{
			"v": "353,0,0,18,38,12,4,1.00,0,0,0,"
		},
		{
			"v": "354,0,0,19,38,13,4,1.00,0,0,0,"
		},
		{
			"v": "355,0,0,20,38,14,4,1.00,0,0,0,"
		},
		{
			"v": "356,0,0,21,38,15,4,1.00,0,0,0,"
		},
		{
			"v": "357,0,0,22,38,16,4,1.00,0,0,0,"
		},
		{
			"v": "358,-1,0,23,38,17,4,280.00,0,0,0,"
		},
		{
			"v": "359,-1,0,24,38,18,4,280.00,0,0,0,"
		},
		{
			"v": "360,-1,0,25,38,19,4,280.00,0,0,0,"
		},
		{
			"v": "361,-1,0,26,38,20,4,280.00,0,0,0,"
		},
		{
			"v": "362,0,0,27,38,21,4,1.00,0,0,0,"
		},
		{
			"v": "363,0,0,28,38,22,4,1.00,0,0,0,"
		},
		{
			"v": "364,0,0,7,37,1,6,1.00,0,0,0,"
		},
		{
			"v": "365,0,0,8,37,2,6,1.00,0,0,0,"
		},
		{
			"v": "366,0,0,9,37,3,6,1.00,0,0,0,"
		},
		{
			"v": "367,0,0,10,37,4,6,1.00,0,0,0,"
		},
		{
			"v": "368,0,0,11,37,5,6,1.00,0,0,0,"
		},
		{
			"v": "369,0,0,12,37,6,6,1.00,0,0,0,"
		},
		{
			"v": "370,0,0,13,37,7,6,1.00,0,0,0,"
		},
		{
			"v": "371,0,0,14,37,8,6,1.00,0,0,0,"
		},
		{
			"v": "372,0,0,15,37,9,6,1.00,0,0,0,"
		},
		{
			"v": "373,0,0,16,37,10,6,1.00,0,0,0,"
		},
		{
			"v": "374,0,0,17,37,11,6,1.00,0,0,0,"
		},
		{
			"v": "375,0,0,18,37,12,6,1.00,0,0,0,"
		},
		{
			"v": "376,0,0,19,37,13,6,1.00,0,0,0,"
		},
		{
			"v": "377,0,0,20,37,14,6,1.00,0,0,0,"
		},
		{
			"v": "378,0,0,21,37,15,6,1.00,0,0,0,"
		},
		{
			"v": "379,0,0,22,37,16,6,1.00,0,0,0,"
		},
		{
			"v": "380,-1,0,23,37,17,6,280.00,0,0,0,"
		},
		{
			"v": "381,-1,0,24,37,18,6,280.00,0,0,0,"
		},
		{
			"v": "382,-1,0,25,37,19,6,280.00,0,0,0,"
		},
		{
			"v": "383,-1,0,26,37,20,6,280.00,0,0,0,"
		},
		{
			"v": "384,0,0,27,37,21,6,1.00,0,0,0,"
		},
		{
			"v": "385,0,0,28,37,22,6,1.00,0,0,0,"
		},
		{
			"v": "386,0,0,29,37,23,6,1.00,0,0,0,"
		},
		{
			"v": "387,0,0,7,36,1,8,1.00,0,0,0,"
		},
		{
			"v": "388,0,0,8,36,2,8,1.00,0,0,0,"
		},
		{
			"v": "389,0,0,9,36,3,8,1.00,0,0,0,"
		},
		{
			"v": "390,0,0,10,36,4,8,1.00,0,0,0,"
		},
		{
			"v": "391,0,0,11,36,5,8,1.00,0,0,0,"
		},
		{
			"v": "392,0,0,12,36,6,8,1.00,0,0,0,"
		},
		{
			"v": "393,0,0,13,36,7,8,1.00,0,0,0,"
		},
		{
			"v": "394,0,0,14,36,8,8,1.00,0,0,0,"
		},
		{
			"v": "395,1,2,15,36,9,8,680.00,0,0,0,"
		},
		{
			"v": "396,1,2,16,36,10,8,680.00,0,0,0,"
		},
		{
			"v": "397,1,2,17,36,11,8,680.00,0,0,0,"
		},
		{
			"v": "398,0,0,18,36,12,8,1.00,0,0,0,"
		},
		{
			"v": "399,0,0,19,36,13,8,1.00,0,0,0,"
		},
		{
			"v": "400,0,0,20,36,14,8,1.00,0,0,0,"
		},
		{
			"v": "401,0,0,21,36,15,8,1.00,0,0,0,"
		},
		{
			"v": "402,0,0,22,36,16,8,1.00,0,0,0,"
		},
		{
			"v": "403,-1,0,23,36,17,8,280.00,0,0,0,"
		},
		{
			"v": "404,-1,0,24,36,18,8,280.00,0,0,0,"
		},
		{
			"v": "405,-1,0,25,36,19,8,280.00,0,0,0,"
		},
		{
			"v": "406,-1,0,26,36,20,8,280.00,0,0,0,"
		},
		{
			"v": "407,0,0,27,36,21,8,1.00,0,0,0,"
		},
		{
			"v": "408,0,0,28,36,22,8,1.00,0,0,0,"
		},
		{
			"v": "409,0,0,29,36,23,8,1.00,0,0,0,"
		},
		{
			"v": "410,0,0,7,35,1,10,1.00,0,0,0,"
		},
		{
			"v": "411,0,0,8,35,2,10,1.00,0,0,0,"
		},
		{
			"v": "412,0,0,9,35,3,10,1.00,0,0,0,"
		},
		{
			"v": "413,0,0,10,35,4,10,1.00,0,0,0,"
		},
		{
			"v": "414,0,0,11,35,5,10,1.00,0,0,0,"
		},
		{
			"v": "415,0,0,12,35,6,10,1.00,0,0,0,"
		},
		{
			"v": "416,0,0,13,35,7,10,1.00,0,0,0,"
		},
		{
			"v": "417,0,0,14,35,8,10,1.00,0,0,0,"
		},
		{
			"v": "418,0,0,15,35,9,10,1.00,0,0,0,"
		},
		{
			"v": "419,0,0,16,35,10,10,1.00,0,0,0,"
		},
		{
			"v": "420,0,0,17,35,11,10,1.00,0,0,0,"
		},
		{
			"v": "421,0,0,18,35,12,10,1.00,0,0,0,"
		},
		{
			"v": "422,0,0,19,35,13,10,1.00,0,0,0,"
		},
		{
			"v": "423,0,0,20,35,14,10,1.00,0,0,0,"
		},
		{
			"v": "424,0,0,21,35,15,10,1.00,0,0,0,"
		},
		{
			"v": "425,0,0,22,35,16,10,1.00,0,0,0,"
		},
		{
			"v": "426,-1,0,23,35,17,10,280.00,0,0,0,"
		},
		{
			"v": "427,-1,0,24,35,18,10,280.00,0,0,0,"
		},
		{
			"v": "428,-1,0,25,35,19,10,280.00,0,0,0,"
		},
		{
			"v": "429,-1,0,26,35,20,10,280.00,0,0,0,"
		},
		{
			"v": "430,0,0,27,35,21,10,1.00,0,0,0,"
		},
		{
			"v": "431,0,0,28,35,22,10,1.00,0,0,0,"
		},
		{
			"v": "432,0,0,29,35,23,10,1.00,0,0,0,"
		},
		{
			"v": "433,0,0,7,34,1,12,1.00,0,0,0,"
		},
		{
			"v": "434,0,0,8,34,2,12,1.00,0,0,0,"
		},
		{
			"v": "435,0,0,9,34,3,12,1.00,0,0,0,"
		},
		{
			"v": "436,0,0,10,34,4,12,1.00,0,0,0,"
		},
		{
			"v": "437,0,0,11,34,5,12,1.00,0,0,0,"
		},
		{
			"v": "438,0,0,12,34,6,12,1.00,0,0,0,"
		},
		{
			"v": "439,0,0,13,34,7,12,1.00,0,0,0,"
		},
		{
			"v": "440,0,0,14,34,8,12,1.00,0,0,0,"
		},
		{
			"v": "441,0,0,15,34,9,12,1.00,0,0,0,"
		},
		{
			"v": "442,0,0,16,34,10,12,1.00,0,0,0,"
		},
		{
			"v": "443,0,0,17,34,11,12,1.00,0,0,0,"
		},
		{
			"v": "444,0,0,18,34,12,12,1.00,0,0,0,"
		},
		{
			"v": "445,0,0,19,34,13,12,1.00,0,0,0,"
		},
		{
			"v": "446,0,0,20,34,14,12,1.00,0,0,0,"
		},
		{
			"v": "447,0,0,21,34,15,12,1.00,0,0,0,"
		},
		{
			"v": "448,0,0,22,34,16,12,1.00,0,0,0,"
		},
		{
			"v": "449,-1,0,23,34,17,12,280.00,0,0,0,"
		},
		{
			"v": "450,-1,0,24,34,18,12,280.00,0,0,0,"
		},
		{
			"v": "451,-1,0,25,34,19,12,280.00,0,0,0,"
		},
		{
			"v": "452,-1,0,26,34,20,12,280.00,0,0,0,"
		},
		{
			"v": "453,0,0,27,34,21,12,1.00,0,0,0,"
		},
		{
			"v": "454,0,0,28,34,22,12,1.00,0,0,0,"
		},
		{
			"v": "455,0,0,29,34,23,12,1.00,0,0,0,"
		},
		{
			"v": "456,0,0,7,33,1,14,1.00,0,0,0,"
		},
		{
			"v": "457,0,0,8,33,2,14,1.00,0,0,0,"
		},
		{
			"v": "458,0,0,9,33,3,14,1.00,0,0,0,"
		},
		{
			"v": "459,0,0,10,33,4,14,1.00,0,0,0,"
		},
		{
			"v": "460,0,0,11,33,5,14,1.00,0,0,0,"
		},
		{
			"v": "461,0,0,12,33,6,14,1.00,0,0,0,"
		},
		{
			"v": "462,0,0,13,33,7,14,1.00,0,0,0,"
		},
		{
			"v": "463,0,0,14,33,8,14,1.00,0,0,0,"
		},
		{
			"v": "464,0,0,15,33,9,14,1.00,0,0,0,"
		},
		{
			"v": "465,0,0,16,33,10,14,1.00,0,0,0,"
		},
		{
			"v": "466,0,0,17,33,11,14,1.00,0,0,0,"
		},
		{
			"v": "467,0,0,18,33,12,14,1.00,0,0,0,"
		},
		{
			"v": "468,0,0,19,33,13,14,1.00,0,0,0,"
		},
		{
			"v": "469,0,0,20,33,14,14,1.00,0,0,0,"
		},
		{
			"v": "470,0,0,21,33,15,14,1.00,0,0,0,"
		},
		{
			"v": "471,0,0,22,33,16,14,1.00,0,0,0,"
		},
		{
			"v": "472,-1,0,23,33,17,14,280.00,0,0,0,"
		},
		{
			"v": "473,-1,0,24,33,18,14,280.00,0,0,0,"
		},
		{
			"v": "474,-1,0,25,33,19,14,280.00,0,0,0,"
		},
		{
			"v": "475,-1,0,26,33,20,14,280.00,0,0,0,"
		},
		{
			"v": "476,0,0,27,33,21,14,1.00,0,0,0,"
		},
		{
			"v": "477,0,0,28,33,22,14,1.00,0,0,0,"
		},
		{
			"v": "478,0,0,29,33,23,14,1.00,0,0,0,"
		},
		{
			"v": "479,0,0,7,32,1,16,1.00,0,0,0,"
		},
		{
			"v": "480,0,0,8,32,2,16,1.00,0,0,0,"
		},
		{
			"v": "481,0,0,9,32,3,16,1.00,0,0,0,"
		},
		{
			"v": "482,0,0,10,32,4,16,1.00,0,0,0,"
		},
		{
			"v": "483,0,0,11,32,5,16,1.00,0,0,0,"
		},
		{
			"v": "484,0,0,12,32,6,16,1.00,0,0,0,"
		},
		{
			"v": "485,0,0,13,32,7,16,1.00,0,0,0,"
		},
		{
			"v": "486,0,0,14,32,8,16,1.00,0,0,0,"
		},
		{
			"v": "487,0,0,15,32,9,16,1.00,0,0,0,"
		},
		{
			"v": "488,0,0,16,32,10,16,1.00,0,0,0,"
		},
		{
			"v": "489,0,0,17,32,11,16,1.00,0,0,0,"
		},
		{
			"v": "490,0,0,18,32,12,16,1.00,0,0,0,"
		},
		{
			"v": "491,0,0,19,32,13,16,1.00,0,0,0,"
		},
		{
			"v": "492,0,0,20,32,14,16,1.00,0,0,0,"
		},
		{
			"v": "493,0,0,21,32,15,16,1.00,0,0,0,"
		},
		{
			"v": "494,0,0,22,32,16,16,1.00,0,0,0,"
		},
		{
			"v": "495,-1,0,23,32,17,16,280.00,0,0,0,"
		},
		{
			"v": "496,-1,0,24,32,18,16,280.00,0,0,0,"
		},
		{
			"v": "497,-1,0,25,32,19,16,280.00,0,0,0,"
		},
		{
			"v": "498,-1,0,26,32,20,16,280.00,0,0,0,"
		},
		{
			"v": "499,0,0,27,32,21,16,1.00,0,0,0,"
		},
		{
			"v": "500,0,0,28,32,22,16,1.00,0,0,0,"
		},
		{
			"v": "501,0,0,29,32,23,16,1.00,0,0,0,"
		},
		{
			"v": "502,0,0,7,31,1,18,1.00,0,0,0,"
		},
		{
			"v": "503,0,0,8,31,2,18,1.00,0,0,0,"
		},
		{
			"v": "504,0,0,9,31,3,18,1.00,0,0,0,"
		},
		{
			"v": "505,0,0,10,31,4,18,1.00,0,0,0,"
		},
		{
			"v": "506,0,0,11,31,5,18,1.00,0,0,0,"
		},
		{
			"v": "507,0,0,12,31,6,18,1.00,0,0,0,"
		},
		{
			"v": "508,0,0,13,31,7,18,1.00,0,0,0,"
		},
		{
			"v": "509,0,0,14,31,8,18,1.00,0,0,0,"
		},
		{
			"v": "510,0,0,15,31,9,18,1.00,0,0,0,"
		},
		{
			"v": "511,0,0,16,31,10,18,1.00,0,0,0,"
		},
		{
			"v": "512,0,0,17,31,11,18,1.00,0,0,0,"
		},
		{
			"v": "513,0,0,18,31,12,18,1.00,0,0,0,"
		},
		{
			"v": "514,0,0,19,31,13,18,1.00,0,0,0,"
		},
		{
			"v": "515,0,0,20,31,14,18,1.00,0,0,0,"
		},
		{
			"v": "516,0,0,21,31,15,18,1.00,0,0,0,"
		},
		{
			"v": "517,0,0,22,31,16,18,1.00,0,0,0,"
		},
		{
			"v": "518,-1,0,23,31,17,18,280.00,0,0,0,"
		},
		{
			"v": "519,-1,0,24,31,18,18,280.00,0,0,0,"
		},
		{
			"v": "520,-1,0,25,31,19,18,280.00,0,0,0,"
		},
		{
			"v": "521,-1,0,26,31,20,18,280.00,0,0,0,"
		},
		{
			"v": "522,0,0,27,31,21,18,1.00,0,0,0,"
		},
		{
			"v": "523,0,0,28,31,22,18,1.00,0,0,0,"
		},
		{
			"v": "524,0,0,29,31,23,18,1.00,0,0,0,"
		},
		{
			"v": "525,0,0,7,30,1,20,1.00,0,0,0,"
		},
		{
			"v": "526,0,0,8,30,2,20,1.00,0,0,0,"
		},
		{
			"v": "527,0,0,9,30,3,20,1.00,0,0,0,"
		},
		{
			"v": "528,0,0,14,30,8,20,1.00,0,0,0,"
		},
		{
			"v": "529,0,0,15,30,9,20,1.00,0,0,0,"
		},
		{
			"v": "530,0,0,16,30,10,20,1.00,0,0,0,"
		},
		{
			"v": "531,0,0,17,30,11,20,1.00,0,0,0,"
		},
		{
			"v": "532,0,0,18,30,12,20,1.00,0,0,0,"
		},
		{
			"v": "533,0,0,19,30,13,20,1.00,0,0,0,"
		},
		{
			"v": "534,0,0,20,30,14,20,1.00,0,0,0,"
		},
		{
			"v": "535,0,0,21,30,15,20,1.00,0,0,0,"
		},
		{
			"v": "536,0,0,22,30,16,20,1.00,0,0,0,"
		},
		{
			"v": "537,-1,0,23,30,17,20,280.00,0,0,0,"
		},
		{
			"v": "538,-1,0,24,30,18,20,280.00,0,0,0,"
		},
		{
			"v": "539,-1,0,25,30,19,20,280.00,0,0,0,"
		},
		{
			"v": "540,-1,0,26,30,20,20,280.00,0,0,0,"
		},
		{
			"v": "541,0,0,27,30,21,20,1.00,0,0,0,"
		},
		{
			"v": "542,0,0,28,30,22,20,1.00,0,0,0,"
		},
		{
			"v": "543,0,0,29,30,23,20,1.00,0,0,0,"
		},
		{
			"v": "544,0,0,7,29,1,22,1.00,0,0,0,"
		},
		{
			"v": "545,0,0,8,29,2,22,1.00,0,0,0,"
		},
		{
			"v": "546,0,0,9,29,3,22,1.00,0,0,0,"
		},
		{
			"v": "547,0,0,14,29,8,22,1.00,0,0,0,"
		},
		{
			"v": "548,0,0,15,29,9,22,1.00,0,0,0,"
		},
		{
			"v": "549,0,0,16,29,10,22,1.00,0,0,0,"
		},
		{
			"v": "550,0,0,17,29,11,22,1.00,0,0,0,"
		},
		{
			"v": "551,0,0,18,29,12,22,1.00,0,0,0,"
		},
		{
			"v": "552,0,0,19,29,13,22,1.00,0,0,0,"
		},
		{
			"v": "553,0,0,20,29,14,22,1.00,0,0,0,"
		},
		{
			"v": "554,0,0,21,29,15,22,1.00,0,0,0,"
		},
		{
			"v": "555,0,0,22,29,16,22,1.00,0,0,0,"
		},
		{
			"v": "556,-1,0,23,29,17,22,280.00,0,0,0,"
		},
		{
			"v": "557,-1,0,24,29,18,22,280.00,0,0,0,"
		},
		{
			"v": "558,-1,0,25,29,19,22,280.00,0,0,0,"
		},
		{
			"v": "559,-1,0,26,29,20,22,280.00,0,0,0,"
		},
		{
			"v": "560,0,0,27,29,21,22,1.00,0,0,0,"
		},
		{
			"v": "561,0,0,28,29,22,22,1.00,0,0,0,"
		},
		{
			"v": "562,0,0,29,29,23,22,1.00,0,0,0,"
		},
		{
			"v": "563,0,0,7,28,1,24,1.00,0,0,0,"
		},
		{
			"v": "564,0,0,8,28,2,24,1.00,0,0,0,"
		},
		{
			"v": "565,0,0,9,28,3,24,1.00,0,0,0,"
		},
		{
			"v": "566,0,0,15,28,9,24,1.00,0,0,0,"
		},
		{
			"v": "567,0,0,16,28,10,24,1.00,0,0,0,"
		},
		{
			"v": "568,0,0,17,28,11,24,1.00,0,0,0,"
		},
		{
			"v": "569,0,0,18,28,12,24,1.00,0,0,0,"
		},
		{
			"v": "570,0,0,19,28,13,24,1.00,0,0,0,"
		},
		{
			"v": "571,0,0,20,28,14,24,1.00,0,0,0,"
		},
		{
			"v": "572,0,0,21,28,15,24,1.00,0,0,0,"
		},
		{
			"v": "573,0,0,22,28,16,24,1.00,0,0,0,"
		},
		{
			"v": "574,-1,0,23,28,17,24,280.00,0,0,0,"
		},
		{
			"v": "575,-1,0,24,28,18,24,280.00,0,0,0,"
		},
		{
			"v": "576,-1,0,25,28,19,24,280.00,0,0,0,"
		},
		{
			"v": "577,-1,0,26,28,20,24,280.00,0,0,0,"
		},
		{
			"v": "578,0,0,27,28,21,24,1.00,0,0,0,"
		},
		{
			"v": "579,0,0,28,28,22,24,1.00,0,0,0,"
		},
		{
			"v": "580,0,0,29,28,23,24,1.00,0,0,0,"
		},
		{
			"v": "581,0,0,15,27,9,26,1.00,0,0,0,"
		},
		{
			"v": "582,0,0,16,27,10,26,1.00,0,0,0,"
		},
		{
			"v": "583,0,0,17,27,11,26,1.00,0,0,0,"
		},
		{
			"v": "584,0,0,18,27,12,26,1.00,0,0,0,"
		},
		{
			"v": "585,0,0,19,27,13,26,1.00,0,0,0,"
		},
		{
			"v": "586,0,0,20,27,14,26,1.00,0,0,0,"
		},
		{
			"v": "587,0,0,21,27,15,26,1.00,0,0,0,"
		},
		{
			"v": "588,0,0,22,27,16,26,1.00,0,0,0,"
		},
		{
			"v": "589,0,0,23,27,17,26,1.00,0,0,0,"
		},
		{
			"v": "590,-1,0,24,27,18,26,280.00,0,0,0,"
		},
		{
			"v": "591,-1,0,25,27,19,26,280.00,0,0,0,"
		},
		{
			"v": "592,-1,0,26,27,20,26,280.00,0,0,0,"
		},
		{
			"v": "593,0,0,27,27,21,26,1.00,0,0,0,"
		},
		{
			"v": "594,0,0,28,27,22,26,1.00,0,0,0,"
		},
		{
			"v": "595,0,0,29,27,23,26,1.00,0,0,0,"
		},
		{
			"v": "596,0,0,15,26,9,28,1.00,0,0,0,"
		},
		{
			"v": "597,0,0,16,26,10,28,1.00,0,0,0,"
		},
		{
			"v": "598,0,0,17,26,11,28,1.00,0,0,0,"
		},
		{
			"v": "599,0,0,18,26,12,28,1.00,0,0,0,"
		},
		{
			"v": "600,0,0,19,26,13,28,1.00,0,0,0,"
		},
		{
			"v": "601,0,0,20,26,14,28,1.00,0,0,0,"
		},
		{
			"v": "602,0,0,21,26,15,28,1.00,0,0,0,"
		},
		{
			"v": "603,0,0,22,26,16,28,1.00,0,0,0,"
		},
		{
			"v": "604,0,0,23,26,17,28,1.00,0,0,0,"
		},
		{
			"v": "605,-1,0,24,26,18,28,280.00,0,0,0,"
		},
		{
			"v": "606,-1,0,25,26,19,28,280.00,0,0,0,"
		},
		{
			"v": "607,-1,0,26,26,20,28,280.00,0,0,0,"
		},
		{
			"v": "608,0,0,27,26,21,28,1.00,0,0,0,"
		},
		{
			"v": "609,0,0,28,26,22,28,1.00,0,0,0,"
		},
		{
			"v": "610,0,0,29,26,23,28,1.00,0,0,0,"
		},
		{
			"v": "611,0,0,18,25,12,30,1.00,0,0,0,"
		},
		{
			"v": "612,0,0,19,25,13,30,1.00,0,0,0,"
		},
		{
			"v": "613,0,0,20,25,14,30,1.00,0,0,0,"
		},
		{
			"v": "614,0,0,21,25,15,30,1.00,0,0,0,"
		},
		{
			"v": "615,0,0,22,25,16,30,1.00,0,0,0,"
		},
		{
			"v": "616,0,0,23,25,17,30,1.00,0,0,0,"
		},
		{
			"v": "617,-1,0,24,25,18,30,280.00,0,0,0,"
		},
		{
			"v": "618,-1,0,25,25,19,30,280.00,0,0,0,"
		},
		{
			"v": "619,-1,0,26,25,20,30,280.00,0,0,0,"
		},
		{
			"v": "620,0,0,27,25,21,30,1.00,0,0,0,"
		},
		{
			"v": "621,0,0,28,25,22,30,1.00,0,0,0,"
		},
		{
			"v": "622,0,0,29,25,23,30,1.00,0,0,0,"
		},
		{
			"v": "623,0,0,21,24,15,32,1.00,0,0,0,"
		},
		{
			"v": "624,0,0,22,24,16,32,1.00,0,0,0,"
		},
		{
			"v": "625,0,0,23,24,17,32,1.00,0,0,0,"
		},
		{
			"v": "626,-1,0,24,24,18,32,280.00,0,0,0,"
		},
		{
			"v": "627,-1,0,25,24,19,32,280.00,0,0,0,"
		},
		{
			"v": "628,-1,0,26,24,20,32,280.00,0,0,0,"
		},
		{
			"v": "629,0,0,27,24,21,32,1.00,0,0,0,"
		},
		{
			"v": "630,0,0,28,24,22,32,1.00,0,0,0,"
		},
		{
			"v": "631,0,0,29,24,23,32,1.00,0,0,0,"
		},
		{
			"v": "632,-1,0,25,23,19,34,280.00,0,0,0,"
		},
		{
			"v": "633,-1,0,26,23,20,34,280.00,0,0,0,"
		},
		{
			"v": "634,0,0,27,23,21,34,1.00,0,0,0,"
		},
		{
			"v": "635,0,0,28,23,22,34,1.00,0,0,0,"
		},
		{
			"v": "636,0,0,29,23,23,34,1.00,0,0,0,"
		},
		{
			"v": "637,-1,0,25,22,19,36,280.00,0,0,0,"
		},
		{
			"v": "638,-1,0,26,22,20,36,280.00,0,0,0,"
		},
		{
			"v": "639,0,0,27,22,21,36,1.00,0,0,0,"
		},
		{
			"v": "640,0,0,28,22,22,36,1.00,0,0,0,"
		},
		{
			"v": "641,0,0,29,22,23,36,1.00,0,0,0,"
		},
		{
			"v": "642,-1,0,25,21,19,38,280.00,0,0,0,"
		},
		{
			"v": "643,-1,0,26,21,20,38,280.00,0,0,0,"
		},
		{
			"v": "644,0,0,27,21,21,38,1.00,0,0,0,"
		},
		{
			"v": "645,0,0,28,21,22,38,1.00,0,0,0,"
		},
		{
			"v": "646,0,0,29,21,23,38,1.00,0,0,0,"
		},
		{
			"v": "647,-1,0,25,20,19,40,280.00,0,0,0,"
		},
		{
			"v": "648,-1,0,26,20,20,40,280.00,0,0,0,"
		},
		{
			"v": "649,0,0,27,20,21,40,1.00,0,0,0,"
		},
		{
			"v": "650,0,0,28,20,22,40,1.00,0,0,0,"
		},
		{
			"v": "651,0,0,29,20,23,40,1.00,0,0,0,"
		},
		{
			"v": "652,-1,0,25,19,19,42,280.00,0,0,0,"
		},
		{
			"v": "653,-1,0,26,19,20,42,280.00,0,0,0,"
		},
		{
			"v": "654,0,0,27,19,21,42,1.00,0,0,0,"
		},
		{
			"v": "655,0,0,28,19,22,42,1.00,0,0,0,"
		},
		{
			"v": "656,0,0,29,19,23,42,1.00,0,0,0,"
		},
		{
			"v": "657,-1,0,25,18,19,44,280.00,0,0,0,"
		},
		{
			"v": "658,-1,0,26,18,20,44,280.00,0,0,0,"
		},
		{
			"v": "659,0,0,27,18,21,44,1.00,0,0,0,"
		},
		{
			"v": "660,0,0,28,18,22,44,1.00,0,0,0,"
		},
		{
			"v": "661,0,0,29,18,23,44,1.00,0,0,0,"
		},
		{
			"v": "662,-1,0,25,17,19,46,280.00,0,0,0,"
		},
		{
			"v": "663,-1,0,26,17,20,46,280.00,0,0,0,"
		},
		{
			"v": "664,0,0,27,17,21,46,1.00,0,0,0,"
		},
		{
			"v": "665,0,0,28,17,22,46,1.00,0,0,0,"
		},
		{
			"v": "666,0,0,29,17,23,46,1.00,0,0,0,"
		},
		{
			"v": "667,-1,0,25,16,19,48,280.00,0,0,0,"
		},
		{
			"v": "668,-1,0,26,16,20,48,280.00,0,0,0,"
		},
		{
			"v": "669,0,0,27,16,21,48,1.00,0,0,0,"
		},
		{
			"v": "670,0,0,28,16,22,48,1.00,0,0,0,"
		},
		{
			"v": "671,-1,0,25,15,19,50,280.00,0,0,0,"
		},
		{
			"v": "672,-1,0,26,15,20,50,280.00,0,0,0,"
		},
		{
			"v": "673,0,0,27,15,21,50,1.00,0,0,0,"
		},
		{
			"v": "674,0,0,28,15,22,50,1.00,0,0,0,"
		}]
	}
}